,,,,2023-24 Season,,,,,,,Career at Current School,,,,,,,,,Career Overall,,,,,,
Coach,School,Conference,,W,L,W-L%,AP Pre,AP Post,NCAA Tournament,,Since,W,L,W-L%,NCAA,S16,FF,Chmp,,W,L,W-L%,NCAA,S16,FF,Chmp
Amir Abdur-Rahim,South Florida,AAC,,25,8,0.758,,,,,2023-24,25,8,0.758,,,,,,70,82,0.461,1,,,
Lennie Acuff,Lipscomb,A-Sun,,20,12,0.625,,,,,2019-20,85,72,0.541,,,,,,85,72,0.541,,,,
Griff Aldrich,Longwood,Big South,,21,14,0.6,,,Lost First Round,,2018-19,109,86,0.559,2,,,,,109,86,0.559,2,,,
Casey Alexander,Belmont,MVC,,20,13,0.606,,,,,2019-20,118,43,0.733,,,,,,255,163,0.61,1,,,
Steve Alford,Nevada,MWC,,26,8,0.765,,,Lost First Round,,2019-20,96,59,0.619,2,,,,,605,328,0.648,13,4,,
Dana Altman,Oregon,Pac-12,,24,12,0.667,,,Lost Second Round,,2010-11,345,152,0.694,8,5,1,,,755,395,0.657,16,5,1,
Tommy Amaker,Harvard,Ivy,,14,13,0.519,,,,,2007-08,292,179,0.62,4,,,,,468,318,0.595,5,1,,
Tobin Anderson,Iona,MAAC,,16,17,0.485,,,,,2023-24,16,17,0.485,,,,,,37,33,0.529,1,,,
Adrian Autry,Syracuse,ACC,,20,12,0.625,,,,,2023-24,20,12,0.625,,,,,,20,12,0.625,,,,
Kevin Baggett,Rider,MAAC,,15,17,0.469,,,,,2012-13,192,183,0.512,,,,,,192,183,0.512,,,,
Jeremy Ballard,Florida International,CUSA,,11,22,0.333,,,,,2018-19,88,101,0.466,,,,,,88,101,0.466,,,,
Tony Barbee,Central Michigan,MAC,,18,14,0.562,,,,,2021-22,35,58,0.376,,,,,,166,185,0.473,1,,,
Rick Barnes,Tennessee,SEC,,27,9,0.75,9,5,Lost Regional Final,,2015-16,202,101,0.667,6,3,,,,806,415,0.66,28,9,1,
Rod Barnes,Cal State Bakersfield,Big West,,13,19,0.406,,,,,2011-12,196,212,0.48,1,,,,,382,401,0.488,4,1,,
Brian Barone,SIU-Edwardsville,OVC,,17,16,0.515,,,,,2019-20,64,91,0.413,,,,,,64,91,0.413,,,,
Chris Beard,Ole Miss,SEC,,20,12,0.625,,,,,2023-24,20,12,0.625,,,,,,191,85,0.692,6,3,1,
John Becker,Vermont,AEC,,28,7,0.8,,,Lost First Round,,2011-12,308,120,0.72,6,,,,,308,120,0.72,6,,,
Randy Bennett,Saint Mary's,WCC,,26,8,0.765,23,21,Lost First Round,,2001-02,533,216,0.712,10,1,,,,533,216,0.712,10,1,,
Tony Bennett,Virginia,ACC,,23,11,0.676,,,Lost First Four,,2009-10,364,136,0.728,10,3,1,1,,433,169,0.719,12,4,1,1
Grant Billmeier,NJIT,AEC,,7,21,0.25,,,,,2023-24,7,21,0.25,,,,,,8,21,0.276,,,,
Kenneth Blakeney,Howard,MEAC,,18,17,0.514,,,Lost First Four,,2019-20,61,76,0.445,2,,,,,61,76,0.445,2,,,
Jeff Boals,Ohio,MAC,,20,13,0.606,,,,,2019-20,98,60,0.62,1,,,,,153,102,0.6,1,,,
Anthony Boone,Central Arkansas,A-Sun,,9,23,0.281,,,,,2019-20,43,96,0.309,,,,,,43,96,0.309,,,,
Chad Boudreau,Western Illinois,OVC,,21,12,0.636,,,,,2023-24,21,12,0.636,,,,,,21,12,0.636,,,,
Tad Boyle,Colorado,Pac-12,,26,11,0.703,,,Lost Second Round,,2010-11,298,183,0.62,6,,,,,354,249,0.587,6,,,
Michael Boynton,Oklahoma State,Big 12,,12,20,0.375,,,,,2017-18,119,109,0.522,1,,,,,119,109,0.522,1,,,
Solomon Bozeman,Arkansas-Pine Bluff,SWAC,,13,18,0.419,,,,,2021-22,30,63,0.323,,,,,,30,63,0.323,,,,
Matt Brady,DePaul,Big East,,0,14,0,,,,,2023-24,0,14,0,,,,,,212,191,0.526,1,,,
Kevin Broadus,Morgan State,MEAC,,11,20,0.355,,,,,2019-20,68,75,0.476,,,,,,105,100,0.512,1,,,
Alvin Brooks,Lamar,Southland,,19,14,0.576,,,,,2021-22,30,63,0.323,,,,,,84,147,0.364,,,,
Brad Brownell,Clemson,ACC,,24,12,0.667,,14,Lost Regional Final,,2010-11,265,189,0.584,4,2,,,,432,274,0.612,7,2,,
Shane Burcar,Northern Arizona,Big Sky,,14,19,0.424,,,,,2019-20,57,95,0.375,,,,,,57,95,0.375,,,,
Rashon Burno,Northern Illinois,MAC,,11,20,0.355,,,,,2021-22,33,60,0.355,,,,,,33,60,0.355,,,,
Landon Bussie,Alcorn State,SWAC,,14,18,0.438,,,,,2020-21,55,62,0.47,,,,,,55,62,0.47,,,,
Mark Byington,James Madison,Sun Belt,,32,4,0.889,,,Lost Second Round,,2020-21,82,36,0.695,1,,,,,213,133,0.616,1,,,
Rick Cabrera,Northwestern State,Southland,,9,23,0.281,,,,,2023-24,9,23,0.281,,,,,,9,23,0.281,,,,
Jerrod Calhoun,Youngstown State,Horizon,,22,10,0.688,,,,,2017-18,118,106,0.527,,,,,,118,106,0.527,,,,
John Calipari *,Kentucky,SEC,,23,10,0.697,16,20,Lost First Round,,2009-10,410,123,0.769,12,8,4,1,,855,263,0.765,23,15,6,1
Jeff Capel III *,Pitt,ACC,,22,11,0.667,,,,,2018-19,97,92,0.513,1,,,,,272,202,0.574,4,1,,
Chris Caputo,George Washington,A-10,,15,17,0.469,,,,,2022-23,31,33,0.484,,,,,,31,33,0.484,,,,
Chris Casey,Fairfield,MAAC,,24,13,0.649,,,,,2023-24,24,13,0.649,,,,,,88,142,0.383,,,,
Jack Castleberry,FDU,NEC,,15,17,0.469,,,,,2023-24,15,17,0.469,,,,,,15,17,0.469,,,,
Brandon Chambers,McNeese State,Southland,,3,2,0.6,,,Lost First Round,,2023-24,3,2,0.6,1,,,,,3,2,0.6,1,,,
Patrick Chambers,Florida Gulf Coast,A-Sun,,14,18,0.438,,,,,2022-23,31,33,0.484,,,,,,221,211,0.512,1,,,
Nate Champion,Le Moyne,NEC,,15,17,0.469,,,,,2023-24,15,17,0.469,,,,,,15,17,0.469,,,,
Speedy Claxton,Hofstra,CAA,,20,13,0.606,,,,,2021-22,66,34,0.66,,,,,,66,34,0.66,,,,
Jase Coburn,Portland State,Big Sky,,17,15,0.531,,,,,2021-22,43,51,0.457,,,,,,43,51,0.457,,,,
Bill Coen,Northeastern,CAA,,12,20,0.375,,,,,2006-07,282,284,0.498,2,,,,,282,284,0.498,2,,,
Jon Coffman,Purdue Fort Wayne,Horizon,,23,13,0.639,,,,,2014-15,179,142,0.558,,,,,,179,142,0.558,,,,
Brian Collins,Tennessee State,OVC,,18,15,0.545,,,,,2018-19,81,102,0.443,,,,,,81,102,0.443,,,,
Chris Collins,Northwestern,Big Ten,,22,12,0.647,,,Lost Second Round,,2013-14,177,174,0.504,3,,,,,177,174,0.504,3,,,
Ed Conroy,The Citadel,Southern,,11,21,0.344,,,,,2006-07,70,119,0.37,,,,,,162,222,0.422,,,,
Ed Cooley,Georgetown,Big East,,9,23,0.281,,,,,2023-24,9,23,0.281,,,,,,343,245,0.583,7,1,,
Donald Copeland,Wagner,NEC,,17,16,0.515,,,Lost First Round,,2022-23,32,29,0.525,1,,,,,32,29,0.525,1,,,
Ron Cottrell,Houston Christian,Southland,,6,23,0.207,,,,,2008-09,153,331,0.316,,,,,,153,331,0.316,,,,
Tim Craft,Gardner-Webb,Big South,,17,16,0.515,,,,,2013-14,188,166,0.531,1,,,,,188,166,0.531,1,,,
Jason Crafton,Maryland-Eastern Shore,MEAC,,9,20,0.31,,,,,2019-20,43,76,0.361,,,,,,43,76,0.361,,,,
Matt Crenshaw,IU Indianapolis,Horizon,,6,26,0.188,,,,,2021-22,14,79,0.151,,,,,,14,79,0.151,,,,
Mick Cronin,UCLA,Pac-12,,16,17,0.485,,,,,2019-20,115,53,0.685,3,3,1,,,480,224,0.682,14,4,1,
Scott Cross,Troy,Sun Belt,,20,12,0.625,,,,,2019-20,80,76,0.513,,,,,,305,237,0.563,1,,,
Rick Croy,California Baptist,WAC,,16,17,0.485,,,,,2018-19,101,84,0.546,,,,,,101,84,0.546,,,,
Chris Crutchfield,Omaha,Summit,,15,18,0.455,,,,,2022-23,24,41,0.369,,,,,,24,41,0.369,,,,
Dan D'Antoni II,Marshall,Sun Belt,,13,20,0.394,,,,,2014-15,177,148,0.545,1,,,,,177,148,0.545,1,,,
Keith Dambrot,Duquesne,A-10,,25,12,0.676,,,Lost Second Round,,2017-18,116,96,0.547,1,,,,,441,269,0.621,4,,,
Scott Davenport,Bellarmine,A-Sun,,8,23,0.258,,,,,2020-21,57,62,0.479,,,,,,57,62,0.479,,,,
Hubert Davis,UNC,ACC,,29,8,0.784,19,7,Lost Regional Semifinal,,2021-22,78,31,0.716,2,2,1,,,78,31,0.716,2,2,1,
Mike Davis,Detroit Mercy,Horizon,,1,31,0.031,,,,,2018-19,60,119,0.335,,,,,,412,360,0.534,9,1,1,
Nathan Davis,New Hampshire,AEC,,16,15,0.516,,,,,2023-24,16,15,0.516,,,,,,145,130,0.527,2,,,
Johnny Dawkins Jr,UCF,Big 12,,17,16,0.515,,,,,2016-17,148,103,0.59,1,,,,,304,218,0.582,2,1,,
Ed DeChellis,Navy,Patriot,,13,18,0.419,,,,,2011-12,181,211,0.462,,,,,,400,442,0.475,2,,,
Travis DeCuire,Montana,Big Sky,,24,12,0.667,,,,,2014-15,201,124,0.618,2,,,,,201,124,0.618,2,,,
Darian DeVries,Drake,MVC,,28,7,0.8,,,Lost First Round,,2018-19,150,55,0.732,3,,,,,150,55,0.732,3,,,
Dave Dickerson,USC Upstate,Big South,,10,20,0.333,,,,,2018-19,65,117,0.357,,,,,,133,201,0.398,,,,
Jake Diebler,Ohio State,Big Ten,,8,3,0.727,,,,,2023-24,8,3,0.727,,,,,,8,3,0.727,,,,
Jamie Dixon,TCU,Big 12,,21,13,0.618,,,Lost First Round,,2016-17,160,110,0.593,4,,,,,488,233,0.677,15,3,,
Steve Donahue,Penn,Ivy,,11,18,0.379,,,,,2015-16,123,111,0.526,1,,,,,323,325,0.498,4,1,,
Kieran Donohue,Old Dominion,Sun Belt,,4,19,0.174,,,,,2023-24,4,19,0.174,,,,,,4,19,0.174,,,,
Bryce Drew,Grand Canyon,WAC,,30,5,0.857,,,Lost Second Round,,2020-21,94,32,0.746,3,,,,,258,140,0.648,6,,,
Scott Drew,Baylor,Big 12,,24,11,0.686,20,16,Lost Second Round,,2003-04,446,244,0.646,12,5,1,1,,466,255,0.646,12,5,1,1
Matthew Driscoll,North Florida,A-Sun,,16,16,0.5,,,,,2009-10,233,247,0.485,1,,,,,233,247,0.485,1,,,
Eric Duft,Weber State,Big Sky,,20,12,0.625,,,,,2022-23,38,27,0.585,,,,,,38,27,0.585,,,,
John Dunne,Marist,MAAC,,18,13,0.581,,,,,2018-19,76,100,0.432,,,,,,229,325,0.413,1,,,
Fran Dunphy,La Salle,A-10,,16,17,0.485,,,,,2022-23,31,36,0.463,,,,,,611,361,0.629,17,,,
Pat Duquette,UMass-Lowell,AEC,,22,10,0.688,,,,,2013-14,158,173,0.477,,,,,,158,173,0.477,,,,
Brian Dutcher,San Diego State,MWC,,26,11,0.703,17,17,Lost Regional Semifinal,,2017-18,177,58,0.753,5,2,1,,,177,58,0.753,5,2,1,
Brian Earl,Cornell,Ivy,,22,8,0.733,,,,,2016-17,96,103,0.482,,,,,,96,103,0.482,,,,
Dan Earl,Chattanooga,Southern,,21,12,0.636,,,,,2022-23,39,29,0.574,,,,,,112,168,0.4,,,,
Josh Eilert,West Virginia,Big 12,,9,23,0.281,,,,,2023-24,9,23,0.281,,,,,,9,23,0.281,,,,
Cliff Ellis,Coastal Carolina,Sun Belt,,3,5,0.375,,,,,2007-08,297,228,0.566,2,,,,,833,566,0.595,10,3,,
Andy Enfield,USC,Pac-12,,15,18,0.455,21,,,,2013-14,220,147,0.599,5,1,,,,261,175,0.599,6,2,,
Dan Engelstad,Mount St. Mary's,MAAC,,13,19,0.406,,,,,2018-19,72,109,0.398,1,,,,,72,109,0.398,1,,,
Jim Engles,Columbia,Ivy,,13,14,0.481,,,,,2016-17,59,135,0.304,,,,,,170,274,0.383,,,,
Kim English,Providence,Big East,,21,14,0.6,,,,,2023-24,21,14,0.6,,,,,,55,43,0.561,,,,
Aaron Fearne,Charlotte,AAC,,19,12,0.613,,,,,2023-24,19,12,0.613,,,,,,19,12,0.613,,,,
Quinton Ferrell,Presbyterian,Big South,,14,19,0.424,,,,,2019-20,48,103,0.318,,,,,,48,103,0.318,,,,
Jim Ferry,UMBC,AEC,,11,21,0.344,,,,,2021-22,47,49,0.49,,,,,,268,309,0.464,2,,,
Mark Few,Gonzaga,WCC,,27,8,0.771,11,15,Lost Regional Semifinal,,1999-00,716,143,0.834,24,13,2,,,716,143,0.834,24,13,2,
Matt Figger,Texas-Rio Grande Valley,WAC,,6,25,0.194,,,,,2021-22,29,65,0.309,,,,,,105,116,0.475,,,,
Dane Fischer,William & Mary,CAA,,10,23,0.303,,,,,2019-20,56,91,0.381,,,,,,56,91,0.381,,,,
Adam Fisher,Temple,AAC,,16,20,0.444,,,,,2023-24,16,20,0.444,,,,,,16,20,0.444,,,,
Steve Forbes,Wake Forest,ACC,,21,14,0.6,,,,,2020-21,71,54,0.568,,,,,,201,97,0.674,1,,,
Dana Ford,Missouri State,MVC,,17,16,0.515,,,,,2018-19,106,82,0.564,,,,,,163,147,0.526,,,,
Geno Ford,Stony Brook,CAA,,20,15,0.571,,,,,2019-20,78,77,0.503,,,,,,192,200,0.49,,,,
Travis Ford,Saint Louis,A-10,,13,20,0.394,,,,,2016-17,146,109,0.573,1,,,,,424,335,0.559,7,,,
John Gallagher,Manhattan,MAAC,,7,23,0.233,,,,,2023-24,7,23,0.233,,,,,,176,230,0.433,1,,,
Joe Gallo,Merrimack,NEC,,21,12,0.636,,,,,2019-20,82,64,0.562,,,,,,82,64,0.562,,,,
Eran Ganot,Hawaii,Big West,,20,14,0.588,,,,,2015-16,156,102,0.605,1,,,,,159,104,0.605,1,,,
Greg Gard,Wisconsin,Big Ten,,22,14,0.611,,,Lost First Round,,2015-16,186,107,0.635,6,2,,,,186,107,0.635,6,2,,
Greg Gary,Mercer,Southern,,16,17,0.485,,,,,2019-20,81,79,0.506,,,,,,97,123,0.441,,,,
Dennis Gates,Missouri,SEC,,8,24,0.25,,,,,2022-23,33,34,0.493,1,,,,,83,74,0.529,2,,,
Kyle Gerdeman,Lindenwood,OVC,,9,22,0.29,,,,,2022-23,20,43,0.317,,,,,,20,43,0.317,,,,
Chris Gerlufsen,San Francisco,WCC,,23,11,0.676,,,,,2022-23,43,25,0.632,,,,,,51,30,0.63,,,,
Gerald Gillion,Chicago State,Ind,,13,19,0.406,,,,,2021-22,31,64,0.326,,,,,,31,64,0.326,,,,
Billy Gillispie,Tarleton State,WAC,,25,10,0.714,,,,,2020-21,66,54,0.55,,,,,,214,162,0.569,4,1,,
Corey Gipson,Austin Peay,A-Sun,,19,16,0.543,,,,,2023-24,19,16,0.543,,,,,,41,27,0.603,,,,
Todd Golden,Florida,SEC,,24,12,0.667,,,Lost First Round,,2022-23,40,29,0.58,1,,,,,97,65,0.599,2,,,
Joe Golding,UTEP,CUSA,,18,16,0.529,,,,,2021-22,52,48,0.52,,,,,,186,162,0.534,2,,,
Stan Gouard,Southern Indiana,OVC,,8,24,0.25,,,,,2022-23,24,41,0.369,,,,,,24,41,0.369,,,,
Anthony Grant,Dayton,A-10,,25,8,0.758,,25,Lost Second Round,,2017-18,149,72,0.674,1,,,,,342,182,0.653,4,,,
Earl Grant,Boston College,ACC,,20,16,0.556,,,,,2021-22,49,53,0.48,,,,,,176,142,0.553,1,,,
Justin Gray,Western Carolina,Southern,,22,10,0.688,,,,,2021-22,51,47,0.52,,,,,,51,47,0.52,,,,
John Griffin III,Bucknell,Patriot,,14,19,0.424,,,,,2023-24,14,19,0.424,,,,,,14,19,0.424,,,,
John Groce,Akron,MAC,,24,11,0.686,,,Lost First Round,,2017-18,140,81,0.633,2,,,,,320,212,0.602,5,1,,
Jerod Haase,Stanford,Pac-12,,14,18,0.438,,,,,2016-17,126,127,0.498,,,,,,206,180,0.534,1,,,
George Halcovage III,Buffalo,MAC,,4,27,0.129,,,,,2023-24,4,27,0.129,,,,,,4,27,0.129,,,,
A.W. Hamilton,Eastern Kentucky,A-Sun,,17,14,0.548,,,,,2018-19,104,88,0.542,,,,,,104,88,0.542,,,,
Leonard Hamilton *,Florida State,ACC,,17,16,0.515,,,,,2002-03,443,281,0.612,8,4,,,,643,491,0.567,11,5,,
Vernon Hamilton,McNeese State,Southland,,5,0,1,,,Lost First Round,,2023-24,5,0,1,1,,,,,5,0,1,1,,,
Anfernee Hardaway,Memphis,AAC,,22,10,0.688,,,,,2018-19,133,62,0.682,2,,,,,133,62,0.682,2,,,
Tavaras Hardy,Loyola (MD),Patriot,,7,25,0.219,,,,,2018-19,66,110,0.375,,,,,,66,110,0.375,,,,
Ray Harper,Jacksonville State,CUSA,,14,18,0.438,,,,,2016-17,146,112,0.566,2,,,,,235,176,0.572,4,,,
Jonas Hayes,Georgia State,Sun Belt,,14,17,0.452,,,,,2022-23,24,38,0.387,,,,,,28,38,0.424,,,,
Stan Heath,Eastern Michigan,MAC,,13,18,0.419,,,,,2021-22,31,62,0.333,,,,,,240,269,0.472,4,1,,
Shane Heirman,Incarnate Word,Southland,,8,23,0.258,,,,,2023-24,8,23,0.258,,,,,,8,23,0.258,,,,
Eric Henderson,South Dakota State,Summit,,22,13,0.629,,,Lost First Round,,2019-20,109,48,0.694,2,,,,,109,48,0.694,2,,,
Mitch Henderson,Princeton,Ivy,,24,5,0.828,,,,,2011-12,232,122,0.655,2,1,,,,232,122,0.655,2,1,,
Charlie Henry,Georgia Southern,Sun Belt,,9,24,0.273,,,,,2023-24,9,24,0.273,,,,,,9,24,0.273,,,,
Steve Henson,UTSA,AAC,,11,21,0.344,,,,,2016-17,110,144,0.433,,,,,,110,144,0.433,,,,
Talvin Hester,Louisiana Tech,CUSA,,22,10,0.688,,,,,2022-23,37,28,0.569,,,,,,37,28,0.569,,,,
Ross Hodge,North Texas,AAC,,19,15,0.559,,,,,2023-24,19,15,0.559,,,,,,19,15,0.559,,,,
Bryan Hodgson,Arkansas State,Sun Belt,,20,17,0.541,,,,,2023-24,20,17,0.541,,,,,,20,17,0.541,,,,
Fred Hoiberg,Nebraska,Big Ten,,23,11,0.676,,,Lost First Round,,2019-20,63,94,0.401,1,,,,,178,150,0.543,5,1,,
Shaheen Holloway,Seton Hall,Big East,,25,12,0.676,,,,,2022-23,42,28,0.6,,,,,,106,82,0.564,1,1,,
Chris Holtmann,Ohio State,Big Ten,,14,11,0.56,,,,,2017-18,137,86,0.614,4,,,,,251,171,0.595,7,1,,
Jason Hooten,New Mexico State,CUSA,,13,19,0.406,,,,,2023-24,13,19,0.406,,,,,,274,188,0.593,,,,
Mike Hopkins,Washington,Pac-12,,17,15,0.531,,,,,2017-18,118,106,0.527,,,,,,122,111,0.524,1,,,
Darrin Horn,Northern Kentucky,Horizon,,18,15,0.545,,,,,2019-20,97,60,0.618,1,,,,,268,171,0.61,2,1,,
Juwan Howard,Michigan,Big Ten,,8,24,0.25,,,,,2019-20,87,72,0.547,2,2,,,,87,72,0.547,2,2,,
Otis Hughley Jr.,Alabama A&M,SWAC,,12,23,0.343,,,,,2022-23,27,41,0.397,,,,,,27,41,0.397,,,,
Ron Hunter,Tulane,AAC,,14,17,0.452,,,,,2019-20,70,74,0.486,,,,,,462,348,0.57,4,,,
Bobby Hurley,Arizona State,Pac-12,,14,18,0.438,,,,,2015-16,155,131,0.542,3,,,,,197,151,0.566,4,,,
Dan Hurley,UConn,Big East,,37,3,0.925,6,1,Won National Final,,2018-19,141,58,0.709,4,2,2,2,,292,163,0.642,6,2,2,2
Alan Huss,High Point,Big South,,27,9,0.75,,,,,2023-24,27,9,0.75,,,,,,27,9,0.75,,,,
Justin Hutson,Fresno State,MWC,,12,21,0.364,,,,,2018-19,92,94,0.495,,,,,,92,94,0.495,,,,
Martin Ingelsby,Delaware,CAA,,19,14,0.576,,,,,2016-17,131,117,0.528,1,,,,,131,117,0.528,1,,,
George Ivory,Mississippi Valley State,SWAC,,1,30,0.032,,,,,2022-23,6,57,0.095,,,,,,146,326,0.309,1,,,
Tom Izzo,Michigan State,Big Ten,,20,15,0.571,4,,Lost Second Round,,1995-96,707,295,0.706,26,15,8,1,,707,295,0.706,26,15,8,1
Donte Jackson,Grambling,SWAC,,21,15,0.583,,,Lost First Round,,2017-18,120,102,0.541,1,,,,,120,102,0.541,1,,,
Ben Jacobson,Northern Iowa,MVC,,19,14,0.576,,,,,2006-07,354,233,0.603,4,1,,,,354,233,0.603,4,1,,
Chris Jans,Mississippi State,SEC,,21,14,0.6,,,Lost First Round,,2022-23,42,27,0.609,2,,,,,185,71,0.723,5,,,
Rob Jeter,Southern Utah,WAC,,10,21,0.323,,,,,2023-24,10,21,0.323,,,,,,233,236,0.497,2,,,
Ben Johnson,Minnesota,Big Ten,,19,15,0.559,,,,,2021-22,41,54,0.432,,,,,,41,54,0.432,,,,
Kevin Johnson,Southern,SWAC,,18,14,0.562,,,,,2023-24,18,14,0.562,,,,,,83,114,0.421,,,,
Stan Johnson,Loyola Marymount,WCC,,12,19,0.387,,,,,2020-21,55,58,0.487,,,,,,55,58,0.487,,,,
Terrence Johnson,Texas State,Sun Belt,,17,18,0.486,,,,,2020-21,72,52,0.581,,,,,,72,52,0.581,,,,
Donnie Jones *,Stetson,A-Sun,,22,13,0.629,,,Lost First Round,,2019-20,78,78,0.5,1,,,,,233,207,0.53,1,,,
James Jones,Yale,Ivy,,23,10,0.697,,,Lost Second Round,,1999-00,396,311,0.56,4,,,,,396,311,0.56,4,,,
Jeff Jones,Old Dominion,Sun Belt,,3,6,0.333,,,,,2013-14,203,131,0.608,1,,,,,560,418,0.573,8,2,,
Joe Jones,Boston University,Patriot,,16,17,0.485,,,,,2011-12,218,191,0.533,,,,,,304,299,0.504,,,,
Johnny Jones,Texas Southern,SWAC,,16,17,0.485,,,,,2018-19,106,90,0.541,3,,,,,401,324,0.553,6,,,
Mike Jones,UNC Greensboro,Southern,,21,11,0.656,,,,,2021-22,58,38,0.604,,,,,,232,188,0.552,1,,,
Robert Jones,Norfolk State,MEAC,,24,11,0.686,,,,,2013-14,212,148,0.589,2,,,,,212,148,0.589,2,,,
Edward Joyner Jr,Hampton,CAA,,9,24,0.273,,,,,2009-10,223,257,0.465,3,,,,,223,257,0.465,3,,,
Jon Judkins,Utah Tech,WAC,,11,20,0.355,,,,,2020-21,46,70,0.397,,,,,,46,70,0.397,,,,
Greg Kampe,Oakland,Horizon,,24,12,0.667,,,Lost Second Round,,1999-00,437,373,0.54,4,,,,,437,373,0.54,4,,,
Kevin Keatts,NC State,ACC,,26,15,0.634,,10,Lost National Semifinal,,2017-18,139,94,0.597,3,1,1,,,211,122,0.634,5,1,1,
Kyle Keller *,Stephen F. Austin,WAC,,18,15,0.545,,,,,2016-17,163,84,0.66,1,,,,,163,84,0.66,1,,,
Pat Kelsey,College of Charleston,CAA,,27,8,0.771,,,Lost First Round,,2021-22,75,27,0.735,2,,,,,261,122,0.681,4,,,
Andy Kennedy,UAB,AAC,,23,12,0.657,,,Lost First Round,,2020-21,101,37,0.732,2,,,,,367,206,0.64,4,,,
Dustin Kerns,Appalachian State,Sun Belt,,27,7,0.794,,,,,2019-20,97,65,0.599,1,,,,,128,102,0.557,1,,,
David Kiefer,Southeastern Louisiana,Southland,,15,17,0.469,,,,,2019-20,68,87,0.439,,,,,,68,87,0.439,,,,
Dwayne Killings,Albany (NY),AEC,,13,19,0.406,,,,,2021-22,34,60,0.362,,,,,,34,60,0.362,,,,
Eric Konkol,Tulsa,AAC,,16,15,0.516,,,,,2022-23,21,40,0.344,,,,,,174,115,0.602,,,,
Brad Korn,Southeast Missouri State,OVC,,9,22,0.29,,,,,2020-21,53,73,0.421,1,,,,,53,73,0.421,1,,,
Tod Kowalczyk,Toledo,MAC,,20,12,0.625,,,,,2010-11,278,181,0.606,,,,,,414,293,0.586,,,,
Chris Kraus,Stonehill,NEC,,4,27,0.129,,,,,2022-23,18,44,0.29,,,,,,18,44,0.29,,,,
Rob Krimmel,Saint Francis (PA),NEC,,8,22,0.267,,,,,2012-13,155,210,0.425,,,,,,155,210,0.425,,,,
Kevin Kruger,UNLV,MWC,,21,13,0.618,,,,,2021-22,58,40,0.592,,,,,,58,40,0.592,,,,
Kevin Kuwik,Army,Patriot,,10,22,0.312,,,,,2023-24,10,22,0.312,,,,,,10,22,0.312,,,,
Jay Ladner,Southern Miss,Sun Belt,,16,16,0.5,,,,,2019-20,65,89,0.422,,,,,,141,177,0.443,,,,
Billy Lange,St. Joseph's,A-10,,21,14,0.6,,,,,2019-20,59,91,0.393,,,,,,151,206,0.423,,,,
Matt Langel,Colgate,Patriot,,25,10,0.714,,,Lost First Round,,2011-12,227,184,0.552,5,,,,,227,184,0.552,5,,,
Rob Lanier,SMU,AAC,,20,13,0.606,,,,,2022-23,30,35,0.462,,,,,,141,135,0.511,2,,,
Jim Larranaga,Miami (FL),ACC,,15,17,0.469,13,,,,2011-12,270,166,0.619,6,4,1,,,712,475,0.6,11,5,2,
Anthony Latina,Sacred Heart,NEC,,16,16,0.5,,,,,2013-14,141,193,0.422,,,,,,141,193,0.422,,,,
Steve Lavin,San Diego,WCC,,18,15,0.545,,,,,2022-23,29,35,0.453,,,,,,266,185,0.59,8,5,,
Shantay Legans,Portland,WCC,,12,21,0.364,,,,,2021-22,45,55,0.45,,,,,,120,104,0.536,1,,,
Grant Leonard,Queens (NC),A-Sun,,14,19,0.424,,,,,2022-23,32,34,0.485,,,,,,32,34,0.485,,,,
Jim Les,UC-Davis,Big West,,20,13,0.606,,,,,2011-12,195,199,0.495,1,,,,,349,339,0.507,2,1,,
Michael Lewis,Ball State,MAC,,15,16,0.484,,,,,2022-23,35,28,0.556,,,,,,35,28,0.556,,,,
Jeff Linder,Wyoming,MWC,,15,17,0.469,,,,,2020-21,63,59,0.516,1,,,,,143,109,0.567,1,,,
Tommy Lloyd,Arizona,Pac-12,,27,9,0.75,12,11,Lost Regional Semifinal,,2021-22,88,20,0.815,3,2,,,,88,20,0.815,3,2,,
Matt Logie,Montana State,Big Sky,,17,18,0.486,,,Lost First Four,,2023-24,17,18,0.486,1,,,,,17,18,0.486,1,,,
Ryan Looney,Idaho State,Big Sky,,14,20,0.412,,,,,2019-20,53,97,0.353,,,,,,53,97,0.353,,,,
Bart Lundy,Milwaukee,Horizon,,20,15,0.571,,,,,2022-23,42,27,0.609,,,,,,138,114,0.548,,,,
Steve Lutz,Western Kentucky,CUSA,,22,12,0.647,,,Lost First Round,,2023-24,22,12,0.647,1,,,,,69,35,0.663,3,,,
Carmen Maciariello,Siena,MAAC,,4,28,0.125,,,,,2019-20,68,72,0.486,,,,,,68,72,0.486,,,,
Tony Madlock,Alabama State,SWAC,,13,19,0.406,,,,,2022-23,21,42,0.333,,,,,,37,62,0.374,,,,
Mark Madsen,California,Pac-12,,13,19,0.406,,,,,2023-24,13,19,0.406,,,,,,83,70,0.542,,,,
Mike Magpayo,UC-Riverside,Big West,,16,18,0.471,,,,,2020-21,68,50,0.576,,,,,,68,50,0.576,,,,
Chris Markwood,Maine,AEC,,15,17,0.469,,,,,2022-23,28,34,0.452,,,,,,28,34,0.452,,,,
Bob Marlin,Louisiana,Sun Belt,,19,14,0.576,,,,,2010-11,266,189,0.585,2,,,,,491,320,0.605,4,,,
Phil Martelli Jr.,Bryant,AEC,,20,13,0.606,,,,,2023-24,20,13,0.606,,,,,,20,13,0.606,,,,
Erik Martin,South Carolina State,MEAC,,14,18,0.438,,,,,2022-23,19,44,0.302,,,,,,19,44,0.302,,,,
Frank Martin,UMass,A-10,,20,11,0.645,,,,,2022-23,35,27,0.565,,,,,,323,228,0.586,5,2,1,
Mike Martin,Brown,Ivy,,13,18,0.419,,,,,2012-13,148,171,0.464,,,,,,148,171,0.464,,,,
Bashir Mason,St. Peter's,MAAC,,19,14,0.576,,,Lost First Round,,2022-23,33,32,0.508,1,,,,,198,162,0.55,1,,,
Thad Matta,Butler,Big East,,18,15,0.545,,,,,2000-01,56,41,0.577,1,,,,,471,187,0.716,13,6,2,
Dusty May,Florida Atlantic,AAC,,25,9,0.735,10,,Lost First Round,,2018-19,126,69,0.646,2,1,1,,,126,69,0.646,2,1,1,
Fran McCaffery,Iowa,Big Ten,,19,15,0.559,,,,,2010-11,280,191,0.594,7,,,,,531,368,0.591,12,,,
Grant McCasland,Texas Tech,Big 12,,23,11,0.676,,,Lost First Round,,2023-24,23,11,0.676,1,,,,,178,88,0.669,2,,,
Robert McCullum,Florida A&M,SWAC,,6,23,0.207,,,,,2017-18,67,133,0.335,,,,,,151,254,0.373,,,,
Greg McDermott,Creighton,Big East,,25,10,0.714,8,13,Lost Regional Semifinal,,2010-11,325,160,0.67,9,3,,,,474,291,0.62,12,3,,
Nick McDevitt,Middle Tennessee,CUSA,,14,19,0.424,,,,,2018-19,83,106,0.439,,,,,,181,172,0.513,1,,,
Mike McGarvey,Lafayette,Patriot,,11,21,0.344,,,,,2022-23,13,24,0.351,,,,,,13,24,0.351,,,,
Kevin McGeehan,Campbell,CAA,,14,18,0.438,,,,,2013-14,169,182,0.481,,,,,,169,182,0.481,,,,
Ritchie McKay,Liberty,CUSA,,18,14,0.562,,,,,2007-08,244,127,0.658,2,,,,,409,285,0.589,3,,,
Matt McKillop,Davidson,A-10,,15,17,0.469,,,,,2022-23,31,33,0.484,,,,,,31,33,0.484,,,,
David McLaughlin,Dartmouth,Ivy,,6,21,0.222,,,,,2016-17,62,131,0.321,,,,,,62,131,0.321,,,,
Matt McMahon,LSU,SEC,,17,16,0.515,,,,,2022-23,31,35,0.47,,,,,,185,102,0.645,3,,,
Bucky McMillan,Samford,Southern,,29,6,0.829,,,Lost First Round,,2020-21,77,41,0.653,1,,,,,77,41,0.653,1,,,
Niko Medved,Colorado State,MWC,,25,11,0.694,,,Lost First Round,,2018-19,117,75,0.609,2,,,,,196,163,0.546,2,,,
Marvin Menzies,Kansas City,Summit,,16,16,0.5,,,,,2022-23,27,37,0.422,,,,,,273,196,0.582,5,,,
Tim Miles,San Jose State,MWC,,9,23,0.281,,,,,2021-22,38,60,0.388,,,,,,261,282,0.481,2,,,
Archie Miller,Rhode Island,A-10,,12,20,0.375,,,,,2022-23,21,42,0.333,,,,,,227,163,0.582,4,1,,
Sean Miller *,Xavier,Big East,,16,18,0.471,,,,,2004-05,163,75,0.685,5,3,,,,465,184,0.716,12,8,,
Wes Miller,Cincinnati,Big 12,,22,15,0.595,,,,,2021-22,63,43,0.594,,,,,,248,178,0.582,2,,,
Paul Mills,Wichita State,AAC,,15,19,0.441,,,,,2023-24,15,19,0.441,,,,,,121,103,0.54,2,1,,
Jordan Mincy,Jacksonville,A-Sun,,16,17,0.485,,,,,2021-22,50,43,0.538,,,,,,50,43,0.538,,,,
Dan Monson,Long Beach State,Big West,,21,15,0.583,,,Lost First Round,,2007-08,275,273,0.502,2,,,,,445,396,0.529,4,1,,
Chris Mooney,Richmond,A-10,,23,10,0.697,,,,,2005-06,348,268,0.565,3,1,,,,366,280,0.567,3,1,,
Mike Morrell,UNC Asheville,Big South,,22,12,0.647,,,,,2018-19,95,88,0.519,1,,,,,95,88,0.519,1,,,
Porter Moser,Oklahoma,Big 12,,20,12,0.625,,,,,2021-22,54,45,0.545,,,,,,347,287,0.547,2,2,1,
Benny Moss,Coastal Carolina,Sun Belt,,6,17,0.261,,,,,2023-24,6,17,0.261,,,,,,47,91,0.341,,,,
LeVelle Moton,North Carolina Central,MEAC,,18,13,0.581,,,,,2009-10,264,197,0.573,4,,,,,264,197,0.573,4,,,
Chris Mudge,Sam Houston,CUSA,,21,12,0.636,,,,,2023-24,21,12,0.636,,,,,,21,12,0.636,,,,
Bryan Mullins,Southern Illinois,MVC,,19,13,0.594,,,,,2019-20,86,68,0.558,,,,,,86,68,0.558,,,,
Eric Musselman,Arkansas,SEC,,16,17,0.485,14,,,,2019-20,111,59,0.653,3,3,,,,221,93,0.704,6,4,,
Scott Nagy,Wright State,Horizon,,18,14,0.562,,,,,2016-17,167,92,0.645,2,,,,,357,255,0.583,5,,,
Kyle Neptune *,Villanova,Big East,,18,16,0.529,22,,,,2022-23,35,33,0.515,,,,,,51,49,0.51,,,,
Andy Newman,Cal State Northridge,Big West,,19,15,0.559,,,,,2023-24,19,15,0.559,,,,,,33,33,0.5,,,,
Josh Newman,Pacific,WCC,,0,1,0,,,,,2023-24,0,1,0,,,,,,0,1,0,,,,
Darris Nichols,Radford,Big South,,16,17,0.485,,,,,2021-22,48,50,0.49,,,,,,48,50,0.49,,,,
Saah Nimley,Charleston Southern,Big South,,8,15,0.348,,,,,2023-24,8,15,0.348,,,,,,8,15,0.348,,,,
Nate Oats,Alabama,SEC,,25,12,0.676,24,3,Lost National Semifinal,,2019-20,117,54,0.684,4,3,1,,,213,97,0.687,7,3,1,
Ryan Odom,VCU,A-10,,24,14,0.632,,,,,2023-24,24,14,0.632,,,,,,173,110,0.611,2,,,
Eric Olen,UC-San Diego,Big West,,21,12,0.636,,,,,2020-21,51,58,0.468,,,,,,51,58,0.468,,,,
T.J. Otzelberger,Iowa State,Big 12,,29,8,0.784,,8,Lost Regional Semifinal,,2021-22,70,35,0.667,3,2,,,,169,98,0.633,5,2,,
Matt Painter,Purdue,Big Ten,,34,5,0.872,3,2,Lost National Final,,2005-06,447,203,0.688,15,7,1,,,472,208,0.694,16,7,1,
Lamont Paris,South Carolina,SEC,,26,8,0.765,,24,Lost First Round,,2022-23,37,29,0.561,1,,,,,124,101,0.551,2,,,
Joe Pasternack,UCSB,Big West,,16,15,0.516,,,,,2017-18,148,68,0.685,2,,,,,186,122,0.604,2,,,
David Patrick,Sacramento State,Big Sky,,10,24,0.294,,,,,2022-23,24,42,0.364,,,,,,51,80,0.389,,,,
Dave Paulsen,Holy Cross,Patriot,,10,23,0.303,,,,,2023-24,10,23,0.303,,,,,,239,208,0.535,2,,,
Greg Paulus,Niagara,MAAC,,16,16,0.5,,,,,2019-20,67,78,0.462,,,,,,67,78,0.462,,,,
Kenny Payne,Louisville,ACC,,8,24,0.25,,,,,2022-23,12,52,0.188,,,,,,12,52,0.188,,,,
Bruce Pearl,Auburn,SEC,,27,8,0.771,,18,Lost First Round,,2014-15,214,119,0.643,5,1,1,,,445,218,0.671,13,5,1,
Tom Pecora,Quinnipiac,MAAC,,24,10,0.706,,,,,2023-24,24,10,0.706,,,,,,223,242,0.48,,,,
Ryan Pedon,Illinois State,MVC,,15,17,0.469,,,,,2022-23,26,38,0.406,,,,,,26,38,0.406,,,,
John Pelphrey,Tennessee Tech,OVC,,10,21,0.323,,,,,2019-20,51,103,0.331,,,,,,200,229,0.466,2,,,
Scott Pera,Rice,AAC,,11,21,0.344,,,,,2017-18,96,127,0.43,,,,,,96,127,0.43,,,,
Dwight Perry,Wofford,Southern,,17,15,0.531,,,,,2022-23,29,27,0.518,,,,,,29,27,0.518,,,,
Leonard Perry,Pacific,WCC,,6,25,0.194,,,,,2021-22,29,65,0.309,,,,,,77,162,0.322,,,,
Eric Peterson,South Dakota,Summit,,12,20,0.375,,,,,2022-23,24,39,0.381,,,,,,24,39,0.381,,,,
Antoine Pettway,Kennesaw State,A-Sun,,15,16,0.484,,,,,2023-24,15,16,0.484,,,,,,15,16,0.484,,,,
Todd Phillips,Utah Valley,WAC,,16,16,0.5,,,,,2023-24,16,16,0.5,,,,,,16,16,0.5,,,,
Steve Pikiell,Rutgers,Big Ten,,15,17,0.469,,,,,2016-17,132,123,0.518,2,,,,,324,279,0.537,3,,,
Richard Pitino,New Mexico,MWC,,26,10,0.722,,,Lost First Round,,2021-22,61,41,0.598,1,,,,,220,178,0.553,3,,,
Rick Pitino *,St. John's (NY),Big East,,20,13,0.606,,,,,2023-24,20,13,0.606,,,,,,854,306,0.736,23,13,7,2
Mark Pope,BYU,Big 12,,23,11,0.676,,,Lost First Round,,2019-20,110,52,0.679,2,,,,,187,108,0.634,2,,,
Roger Powell Jr.,Valparaiso,MVC,,7,25,0.219,,,,,2023-24,7,25,0.219,,,,,,7,25,0.219,,,,
Alex Pribble,Idaho,Big Sky,,11,21,0.344,,,,,2023-24,11,21,0.344,,,,,,11,21,0.344,,,,
Steve Prohm,Murray State,MVC,,12,20,0.375,,,,,2011-12,133,64,0.675,1,,,,,230,159,0.591,4,1,,
Mark Prosser,Winthrop,Big South,,17,15,0.531,,,,,2021-22,55,41,0.573,,,,,,92,94,0.495,,,,
Tony Pujol,North Alabama,A-Sun,,15,17,0.469,,,,,2018-19,78,103,0.431,,,,,,78,103,0.431,,,,
Barclay Radebaugh *,Charleston Southern,Big South,,2,5,0.286,,,,,2005-06,228,325,0.412,,,,,,228,325,0.412,,,,
David Ragland,Evansville,MVC,,17,18,0.486,,,,,2022-23,22,45,0.328,,,,,,22,45,0.328,,,,
Brett Reed,Lehigh,Patriot,,14,18,0.438,,,,,2007-08,276,240,0.535,2,,,,,276,240,0.535,2,,,
Mike Rhoades,Penn State,Big Ten,,16,17,0.485,,,,,2023-24,16,17,0.485,,,,,,192,130,0.596,3,,,
King Rice,Monmouth,CAA,,18,15,0.545,,,,,2011-12,207,208,0.499,,,,,,207,208,0.499,,,,
Leon Rice,Boise State,MWC,,22,11,0.667,,,Lost First Four,,2010-11,290,166,0.636,5,,,,,290,166,0.636,5,,,
Keith Richard,Louisiana-Monroe,Sun Belt,,11,19,0.367,,,,,2010-11,163,271,0.376,,,,,,313,388,0.447,,,,
Bob Richey,Furman,Southern,,17,16,0.515,,,,,2017-18,156,70,0.69,1,,,,,156,70,0.69,1,,,
David Richman,North Dakota State,Summit,,15,17,0.469,,,,,2014-15,190,131,0.592,2,,,,,190,131,0.592,2,,,
Ryan Ridder,UT-Martin,OVC,,21,11,0.656,,,,,2021-22,48,47,0.505,,,,,,96,92,0.511,,,,
David Riley,Eastern Washington,Big Sky,,21,11,0.656,,,,,2021-22,62,38,0.62,,,,,,62,38,0.62,,,,
Richie Riley,South Alabama,Sun Belt,,16,16,0.5,,,,,2018-19,110,83,0.57,,,,,,145,111,0.566,,,,
Daniyal Robinson,Cleveland State,Horizon,,21,15,0.583,,,,,2022-23,42,29,0.592,,,,,,42,29,0.592,,,,
Lorenzo Romar,Pepperdine,WCC,,13,20,0.394,,,,,1996-97,118,157,0.429,,,,,,467,397,0.541,7,3,,
Monte Ross,North Carolina A&T,CAA,,7,25,0.219,,,,,2023-24,7,25,0.219,,,,,,139,209,0.399,1,,,
Tevon Saddler,Nicholls State,Southland,,20,14,0.588,,,,,2023-24,20,14,0.588,,,,,,20,14,0.588,,,,
Kelvin Sampson,Houston,Big 12,,32,5,0.865,7,3,Lost Regional Semifinal,,2014-15,264,79,0.77,6,5,1,,,689,306,0.692,20,8,2,
Levell Sanders,Binghamton,AEC,,15,15,0.5,,,,,2021-22,40,50,0.444,,,,,,40,50,0.444,,,,
Paul Sather,North Dakota,Summit,,18,14,0.562,,,,,2019-20,61,94,0.394,,,,,,61,94,0.394,,,,
Brooks Savage,ETSU,Southern,,19,16,0.543,,,,,2023-24,19,16,0.543,,,,,,19,16,0.543,,,,
Josh Schertz,Indiana State,MVC,,32,7,0.821,,,,,2021-22,66,40,0.623,,,,,,66,40,0.623,,,,
Jon Scheyer,Duke,ACC,,27,9,0.75,2,9,Lost Regional Final,,2022-23,54,18,0.75,2,1,,,,54,18,0.75,2,1,,
Mark Schmidt,St. Bonaventure,A-10,,20,13,0.606,,,,,2007-08,302,226,0.572,3,,,,,384,316,0.549,3,,,
Michael Schwartz,East Carolina,AAC,,15,18,0.455,,,,,2022-23,31,35,0.47,,,,,,31,35,0.47,,,,
Joe Scott,Air Force,MWC,,9,22,0.29,,,,,2000-01,90,141,0.39,1,,,,,274,318,0.463,1,,,
Bill Self,Kansas,Big 12,,23,11,0.676,1,19,Lost Second Round,,2003-04,603,143,0.808,20,11,4,2,,810,248,0.766,25,14,4,2
Patrick Sellers,Central Connecticut,NEC,,20,11,0.645,,,,,2021-22,38,57,0.4,,,,,,38,57,0.4,,,,
Herb Sendek,Santa Clara,WCC,,20,13,0.606,,,,,2016-17,140,107,0.567,,,,,,553,402,0.579,8,1,,
Rob Senderoff,Kent State,MAC,,17,17,0.5,,,,,2011-12,264,164,0.617,2,,,,,264,164,0.617,2,,,
Jim Shaw,Texas A&M-Corpus Christi,Southland,,21,12,0.636,,,,,2023-24,21,12,0.636,,,,,,21,12,0.636,,,,
Micah Shrewsberry,Notre Dame,ACC,,13,20,0.394,,,,,2023-24,13,20,0.394,,,,,,50,51,0.495,1,,,
Takayo Siddle,UNC Wilmington,CAA,,21,10,0.677,,,,,2020-21,79,39,0.669,,,,,,79,39,0.669,,,,
Marty Simmons,Eastern Illinois,OVC,,14,18,0.438,,,,,2021-22,28,66,0.298,,,,,,212,241,0.468,,,,
Todd Simon,Bowling Green State,MAC,,20,14,0.588,,,,,2023-24,20,14,0.588,,,,,,147,128,0.535,,,,
Duane Simpkins,American,Patriot,,16,16,0.5,,,,,2023-24,16,16,0.5,,,,,,16,16,0.5,,,,
Pat Skerry,Towson,CAA,,20,14,0.588,,,,,2011-12,213,199,0.517,,,,,,213,199,0.517,,,,
Tony Skinn,George Mason,A-10,,20,12,0.625,,,,,2023-24,20,12,0.625,,,,,,20,12,0.625,,,,
Mark Slessinger,New Orleans,Southland,,10,23,0.303,,,,,2012-13,154,207,0.427,1,,,,,154,207,0.427,1,,,
Shaka Smart,Marquette,Big East,,27,10,0.73,5,12,Lost Regional Semifinal,,2021-22,75,30,0.714,3,1,,,,347,172,0.669,11,2,1,
Steve Smiley,Northern Colorado,Big Sky,,19,14,0.576,,,,,2020-21,64,61,0.512,,,,,,64,61,0.512,,,,
Byron Smith,Prairie View,SWAC,,10,21,0.323,,,,,2015-16,123,134,0.479,1,,,,,123,134,0.479,1,,,
Craig Smith,Utah,Pac-12,,22,15,0.595,,,,,2021-22,50,50,0.5,,,,,,203,129,0.611,2,,,
John Smith,Cal Poly,Big West,,4,28,0.125,,,,,2019-20,30,117,0.204,,,,,,30,117,0.204,,,,
Kyle Smith,Washington State,Pac-12,,25,10,0.714,,23,Lost Second Round,,2019-20,94,71,0.57,1,,,,,258,193,0.572,1,,,
Zach Spiker,Drexel,CAA,,20,12,0.625,,,,,2016-17,113,130,0.465,1,,,,,215,242,0.47,1,,,
Preston Spradlin,Morehead State,OVC,,26,9,0.743,,,Lost First Round,,2016-17,140,109,0.562,2,,,,,140,109,0.562,2,,,
Russell Springmann,Oral Roberts,Summit,,12,19,0.387,,,,,2023-24,12,19,0.387,,,,,,12,19,0.387,,,,
Danny Sprinkle,Utah State,MWC,,28,7,0.8,,22,Lost Second Round,,2023-24,28,7,0.8,1,,,,,109,50,0.686,3,,,
Jerry Stackhouse,Vanderbilt,SEC,,9,23,0.281,,,,,2019-20,70,92,0.432,,,,,,70,92,0.432,,,,
Travis Steele,Miami (OH),MAC,,15,17,0.469,,,,,2022-23,27,37,0.422,,,,,,97,87,0.527,,,,
Dwayne Stephens,Western Michigan,MAC,,12,20,0.375,,,,,2022-23,20,43,0.317,,,,,,20,43,0.317,,,,
Larry Stewart,Coppin State,MEAC,,2,27,0.069,,,,,2023-24,2,27,0.069,,,,,,2,27,0.069,,,,
Damon Stoudamire,Georgia Tech,ACC,,14,18,0.438,,,,,2023-24,14,18,0.438,,,,,,85,95,0.472,,,,
Rod Strickland,LIU,NEC,,7,22,0.241,,,,,2022-23,10,48,0.172,,,,,,10,48,0.172,,,,
Tony Stubblefield,DePaul,Big East,,3,15,0.167,,,,,2021-22,28,54,0.341,,,,,,30,66,0.312,,,,
Jerome Tang,Kansas State,Big 12,,19,15,0.559,,,,,2022-23,45,25,0.643,1,1,,,,45,25,0.643,1,1,,
Brette Tanner,Abilene Christian,WAC,,16,18,0.471,,,,,2021-22,54,46,0.54,,,,,,54,46,0.54,,,,
John Tauer,St. Thomas,Summit,,20,13,0.606,,,,,2021-22,49,47,0.51,,,,,,49,47,0.51,,,,
Billy Taylor,Elon,CAA,,13,19,0.406,,,,,2022-23,21,43,0.328,,,,,,186,211,0.469,1,,,
Dedrique Taylor,Cal State Fullerton,Big West,,14,18,0.438,,,,,2013-14,155,179,0.464,2,,,,,155,179,0.464,2,,,
Rodney Terry,Texas,Big 12,,21,13,0.618,18,,Lost Second Round,,2022-23,43,21,0.672,2,1,,,,206,177,0.538,3,1,,
Reggie Theus,Bethune-Cookman,SWAC,,17,17,0.5,,,,,2021-22,38,58,0.396,,,,,,132,186,0.415,1,,,
Wayne Tinkle,Oregon State,Pac-12,,13,19,0.406,,,,,2014-15,140,177,0.442,2,1,,,,298,268,0.527,5,1,,
Andrew Toole,Robert Morris,Horizon,,10,22,0.312,,,,,2010-11,226,232,0.493,1,,,,,226,232,0.493,1,,,
KT Turner,UT Arlington,WAC,,20,14,0.588,,,,,2023-24,20,14,0.588,,,,,,20,14,0.588,,,,
Russ Turner,UC-Irvine,Big West,,24,10,0.706,,,,,2010-11,289,180,0.616,2,,,,,289,180,0.616,2,,,
Brad Underwood *,Illinois,Big Ten,,29,9,0.763,25,6,Lost Regional Final,,2017-18,143,88,0.619,4,1,,,,252,115,0.687,8,1,,
Keith Urgo *,Fordham,A-10,,13,20,0.394,,,,,2022-23,38,28,0.576,,,,,,38,28,0.576,,,,
Drew Valentine,Loyola (IL),A-10,,23,10,0.697,,,,,2021-22,58,39,0.598,1,,,,,58,39,0.598,1,,,
Chris Victor,Seattle,WAC,,23,14,0.622,,,,,2021-22,66,35,0.653,,,,,,66,35,0.653,,,,
Will Wade,McNeese State,Southland,,22,2,0.917,,,Lost First Round,,2023-24,22,2,0.917,1,,,,,218,98,0.69,6,1,,
Darrell Walker,Little Rock,OVC,,21,13,0.618,,,,,2018-19,82,99,0.453,,,,,,82,99,0.453,,,,
Brian Wardle,Bradley,MVC,,23,12,0.657,,,,,2015-16,158,138,0.534,1,,,,,253,203,0.555,1,,,
Stan Waterman,Delaware State,MEAC,,15,19,0.441,,,,,2021-22,23,69,0.25,,,,,,23,69,0.25,,,,
Michael White,Georgia,SEC,,20,17,0.541,,,,,2022-23,36,33,0.522,,,,,,279,161,0.634,4,1,,
Sundance Wicks,Green Bay,Horizon,,18,14,0.562,,,,,2023-24,18,14,0.562,,,,,,18,14,0.562,,,,
Kevin Willard,Maryland,Big Ten,,16,17,0.485,,,,,2022-23,38,30,0.559,1,,,,,308,240,0.562,6,,,
Buzz Williams,Texas A&M,SEC,,21,15,0.583,15,,Lost Second Round,,2019-20,97,62,0.61,2,,,,,350,217,0.617,10,4,,
Mo Williams,Jackson State,SWAC,,15,17,0.469,,,,,2022-23,29,36,0.446,,,,,,43,71,0.377,,,,
Andrew Wilson,VMI,Southern,,4,28,0.125,,,,,2022-23,11,53,0.172,,,,,,11,53,0.172,,,,
Reggie Witherspoon,Canisius,MAAC,,14,18,0.438,,,,,2016-17,108,130,0.454,,,,,,306,358,0.461,,,,
Mike Woodson,Indiana,Big Ten,,19,14,0.576,,,,,2021-22,63,40,0.612,2,,,,,63,40,0.612,2,,,
Jeff Wulbrun,Denver,Summit,,17,17,0.5,,,,,2021-22,43,55,0.439,,,,,,43,55,0.439,,,,
Luke Yaklich,UIC,MVC,,12,21,0.364,,,,,2020-21,47,70,0.402,,,,,,47,70,0.402,,,,
Mike Young,Virginia Tech,ACC,,19,15,0.559,,,,,2019-20,92,66,0.582,2,,,,,391,310,0.558,7,,,
Jaret von Rosenberg,East Texas A&M,Southland,,13,20,0.394,,,,,2022-23,26,40,0.394,,,,,,26,40,0.394,,,,
